movie,scenes,sentences,ratio
The_Big_Lebowski,3,49,0.061224489795918366
The_Producers_(1968_film),3,28,0.10714285714285714
Buried_(film),3,29,0.10344827586206896
Smoke_(film),4,3,1.3333333333333333
Midnight_Express_(film),6,25,0.24
The_Third_Man,6,16,0.375
The_Siege,9,34,0.2647058823529412
Sex_and_the_City_(film),10,37,0.2702702702702703
Duck_Soup_(1933_film),10,14,0.7142857142857143
Orgy_of_the_Dead,11,82,0.13414634146341464
The_African_Queen_(film),13,2,6.5
Barton_Fink,13,22,0.5909090909090909
My_Own_Private_Idaho,17,22,0.7727272727272727
The_Swimmer_(1968_film),18,24,0.75
Portrait_of_Jennie,18,8,2.25
Escape_from_the_Planet_of_the_Apes,18,50,0.36
Leviathan_(1989_film),27,48,0.5625
The_Omega_Man,27,39,0.6923076923076923
SubUrbia_(film),32,8,4.0
48_Hrs.,33,50,0.66
From_Dusk_till_Dawn,33,38,0.8684210526315791
Zerophilia,33,18,1.8333333333333333
American_Graffiti,34,25,1.36
Shrek,35,38,0.9210526315789472
Nothing_But_a_Man,36,16,2.25
Dragonslayer,36,42,0.8571428571428571
Chasing_Amy,36,31,1.1612903225806452
The_Lost_Weekend_(film),36,50,0.72
Light_Sleeper,37,18,2.055555555555556
The_Faculty,38,36,1.0555555555555556
Four_Rooms,38,2,19.0
Monty_Python_and_the_Holy_Grail,40,29,1.3793103448275863
The_Thing_from_Another_World,41,39,1.051282051282051
Zulu_Dawn,41,35,1.1714285714285717
The_Fly_(1986_film),43,36,1.1944444444444444
The_Breakfast_Club,44,15,2.933333333333333
Blood_Simple,44,40,1.1
Last_Tango_in_Paris,45,11,4.090909090909091
Jaws:_The_Revenge,45,34,1.3235294117647058
Hannah_and_Her_Sisters,46,33,1.393939393939394
The_Night_of_the_Hunter_(film),46,20,2.3
Intolerable_Cruelty,48,33,1.4545454545454546
Smokey_and_the_Bandit,49,24,2.0416666666666665
Bad_Lieutenant,49,51,0.9607843137254902
Reservoir_Dogs,50,39,1.2820512820512822
The_Goonies,52,25,2.08
"Sex,_Lies,_and_Videotape",52,40,1.3
Jaws_3-D,53,38,1.3947368421052628
Lost_in_America,53,14,3.7857142857142856
Wag_the_Dog,54,9,6.0
All_About_Eve,54,10,5.4
The_Flintstones_(film),55,28,1.9642857142857144
I_Know_What_You_Did_Last_Summer,56,77,0.7272727272727273
Office_Space,56,27,2.074074074074074
An_American_Werewolf_in_Paris,57,38,1.5
Viridiana,57,34,1.6764705882352942
Antz,58,39,1.4871794871794872
Ghostbusters,58,23,2.5217391304347827
Kung_Fu_Panda,59,27,2.185185185185185
Storytelling_(film),59,3,19.666666666666668
Amour_(2012_film),59,26,2.269230769230769
Walking_Tall_(2004_film),59,35,1.6857142857142855
Pi_(film),60,41,1.4634146341463414
The_Stunt_Man,60,36,1.6666666666666667
The_Transformers:_The_Movie,60,55,1.0909090909090908
Spartan_(film),61,51,1.196078431372549
My_Best_Friends_Wedding,61,19,3.2105263157894735
Hellraiser_III:_Hell_on_Earth,61,25,2.44
Apocalypse_Now,61,35,1.7428571428571429
9_(2009_animated_film),62,37,1.6756756756756757
Margot_at_the_Wedding,63,27,2.333333333333333
Hannibal_(film),63,30,2.1
The_Hebrew_Hammer,63,10,6.3
Taking_Sides_(film),63,18,3.5
Jaws_2,64,41,1.5609756097560976
A_Bucket_of_Blood_(1995_film),64,19,3.3684210526315788
Clerks,64,38,1.6842105263157894
The_Time_Machine_(1960_film),65,48,1.3541666666666667
The_Addams_Family_(film),65,31,2.096774193548387
Book_of_Shadows:_Blair_Witch_2,66,49,1.3469387755102042
Who_Framed_Roger_Rabbit,66,27,2.4444444444444446
Jimmy_and_Judy,67,4,16.75
Annie_Hall,67,31,2.161290322580645
M_(1931_film),67,39,1.7179487179487178
On_the_Waterfront,67,24,2.7916666666666665
Scream_3,68,21,3.238095238095238
Arcade_(film),69,8,8.625
Dog_Day_Afternoon,70,43,1.627906976744186
Midnight_in_Paris,70,16,4.375
Innerspace,70,31,2.2580645161290325
The_Time_Machine_(2002_film),71,33,2.1515151515151514
Kids_(film),71,32,2.21875
WALL-E,71,35,2.0285714285714285
Next_Friday,71,35,2.0285714285714285
Kafka_(film),71,3,23.66666666666667
True_Grit_(2010_film),72,41,1.7560975609756098
The_Body_Snatcher_(film),72,63,1.1428571428571428
15_Minutes,72,54,1.3333333333333333
The_Invention_of_Lying,72,44,1.6363636363636365
A_Nightmare_on_Elm_Street_5:_The_Dream_Child,73,44,1.6590909090909092
Rapture_(1965_film),73,2,36.5
Shock_Treatment,73,31,2.3548387096774195
Shampoo_(film),74,13,5.6923076923076925
Casablanca_(film),74,4,18.5
The_Imaginarium_of_Doctor_Parnassus,74,47,1.574468085106383
Somethings_Gotta_Give_(film),74,38,1.947368421052632
Next_(2007_film),75,37,2.0270270270270268
Meet_Joe_Black,75,31,2.419354838709677
Bringing_Out_the_Dead,75,32,2.34375
Margin_Call_(film),75,29,2.586206896551724
Double_Indemnity_(film),76,43,1.7674418604651163
Scream_2,76,35,2.1714285714285717
Smashed_(film),76,40,1.9
The_Seventh_Victim,76,21,3.6190476190476186
The_Prophecy,77,49,1.5714285714285714
Chinatown_(1974_film),77,40,1.925
Swingers_(1996_film),78,10,7.8
Grand_Hotel_(film),78,5,15.6
The_White_Ribbon,78,25,3.12
Honeydripper_(film),78,4,19.5
A_Few_Good_Men,78,24,3.25
Rachel_Getting_Married,78,34,2.294117647058824
Its_Complicated_(film),79,29,2.7241379310344827
State_and_Main,79,11,7.1818181818181825
Big_(film),79,27,2.9259259259259265
U_Turn_(1997_film),80,62,1.2903225806451613
Dexter_(episode),80,33,2.4242424242424243
Bad_Day_at_Black_Rock,80,10,8.0
Mr._Blandings_Builds_His_Dream_House,81,16,5.0625
The_Last_Temptation_of_Christ_(film),82,50,1.64
Stalag_17,82,49,1.673469387755102
Signs_(film),82,39,2.102564102564102
Young_Frankenstein,82,34,2.411764705882353
Strangers_on_a_Train_(film),83,41,2.024390243902439
True_Romance,83,44,1.8863636363636365
Shes_Out_of_My_League,83,29,2.862068965517241
The_Anniversary_Party,83,9,9.222222222222221
Rushmore_(film),83,38,2.1842105263157894
Conan_the_Barbarian_(2011_film),83,40,2.075
The_Hangover,83,26,3.1923076923076925
Shine_(film),84,28,3.0
Punch-Drunk_Love,84,20,4.2
Affliction_(film),85,34,2.5
Halloween_H20:_20_Years_Later,85,42,2.023809523809524
Pulp_Fiction,85,3,28.33333333333333
Body_of_Evidence_(1993_film),85,41,2.073170731707317
Shivers_(film),85,26,3.2692307692307687
Spare_Me_(film),86,7,12.285714285714285
Sling_Blade,86,38,2.263157894736842
Very_Bad_Things,87,26,3.3461538461538463
Millers_Crossing,87,21,4.142857142857143
The_Village_(2004_film),87,30,2.9
The_Replacements_(film),87,32,2.71875
Raging_Bull,87,34,2.5588235294117645
Ride_the_High_Country,88,40,2.2
Shrek_the_Third,88,39,2.2564102564102564
The_Ides_of_March_(film),88,39,2.2564102564102564
The_Shipping_News_(film),88,34,2.588235294117647
The_Kings_Speech,88,7,12.571428571428573
The_Hustler_(film),89,39,2.2820512820512815
Hudson_Hawk,89,27,3.2962962962962963
Army_of_Darkness,89,25,3.56
The_Three_Musketeers_(1993_film),90,64,1.40625
Freddys_Dead:_The_Final_Nightmare,90,35,2.571428571428572
Ring_(film),90,31,2.9032258064516134
His_Girl_Friday,90,9,10.0
The_Private_Life_of_Sherlock_Holmes,90,17,5.294117647058823
Malibus_Most_Wanted,91,63,1.4444444444444444
Unbreakable_(film),91,34,2.676470588235294
Heavy_Metal_(film),91,3,30.33333333333333
Sweet_Smell_of_Success,92,18,5.111111111111111
Pariah_(2011_film),92,25,3.68
Carrie_(1976_film),92,26,3.5384615384615383
The_Wild_One,92,39,2.358974358974359
10_Things_I_Hate_About_You,92,38,2.421052631578948
A_Hard_Days_Night_(film),92,11,8.363636363636363
The_Lost_World:_Jurassic_Park,93,48,1.9375
Agnes_of_God_(film),93,27,3.4444444444444446
Observe_and_Report,93,31,3.0
Top_Gun,93,37,2.5135135135135136
Some_Like_It_Hot,93,35,2.657142857142857
The_Sixth_Sense,93,38,2.4473684210526314
Labyrinth_(film),93,31,3.0
Krull_(film),94,48,1.9583333333333333
Major_League_(film),94,52,1.807692307692308
Lethal_Weapon,94,39,2.41025641025641
Isle_of_the_Dead_(film),94,25,3.76
Pineapple_Express_(film),94,30,3.1333333333333333
The_Atomic_Submarine,94,45,2.0888888888888895
The_Birds_(film),95,39,2.435897435897436
The_Cooler,95,5,19.0
Bottle_Rocket,95,39,2.435897435897436
The_Leopard_Man,95,10,9.5
Stepmom_(film),95,21,4.523809523809524
War_Horse_(film),95,60,1.5833333333333333
Burning_Annie,95,2,47.5
Basquiat_(film),95,7,13.571428571428573
50-50_(2011_film),96,25,3.84
Highlander_(film),96,4,24.0
Mystery_Men,97,26,3.7307692307692313
Legion_(2010_film),97,41,2.365853658536585
I_Walked_with_a_Zombie,97,38,2.5526315789473686
Lake_Placid_(film),97,25,3.88
Thunderheart,97,16,6.0625
Strange_Days_(film),97,39,2.4871794871794872
The_Verdict,97,26,3.7307692307692313
Dark_Star_(film),98,23,4.260869565217392
Melvin_and_Howard,98,13,7.538461538461537
Mobsters,99,5,19.8
Dead_Poets_Society,99,40,2.475
Do_the_Right_Thing,99,65,1.5230769230769232
Wind_Chill_(film),99,74,1.337837837837838
The_Battle_of_Shaker_Heights,99,29,3.4137931034482767
Lone_Star_(1996_film),99,24,4.125
Wes_Cravens_New_Nightmare,99,20,4.95
Ghost_(1990_film),100,39,2.5641025641025643
The_Book_of_Eli,100,49,2.0408163265306123
Ticker_(2001_film),100,27,3.703703703703704
Mulholland_Drive_(film),100,53,1.8867924528301887
Philadelphia_(film),100,32,3.125
Citizen_Kane,100,26,3.8461538461538463
Jurassic_Park_(film),100,28,3.571428571428572
The_Evil_Dead,101,34,2.9705882352941178
Stigmata_(film),101,36,2.805555555555556
The_Apartment,101,9,11.222222222222221
The_Jackie_Robinson_Story,101,15,6.7333333333333325
Final_Destination_2,101,32,3.15625
So_I_Married_an_Axe_Murderer,101,38,2.6578947368421053
Jennifers_Body,101,33,3.060606060606061
The_Exorcist_(film),101,22,4.590909090909091
Toy_Story,101,31,3.2580645161290325
Jacobs_Ladder_(film),101,9,11.222222222222221
Return_to_Me,101,13,7.769230769230768
Mean_Streets,101,12,8.416666666666666
Jackie_Brown_(film),101,35,2.8857142857142857
High_Fidelity_(film),101,13,7.769230769230768
Devil_in_a_Blue_Dress_(film),102,73,1.3972602739726028
The_Last_of_the_Mohicans_(1992_film),102,35,2.914285714285714
Killing_Zoe,102,21,4.857142857142857
The_Mummy_(1999_film),103,36,2.861111111111111
Cliffhanger_(film),103,53,1.9433962264150944
Analyze_This,103,35,2.9428571428571435
The_Adventures_of_Ford_Fairlane,103,10,10.3
Feast_(film),103,24,4.291666666666667
The_Ploughmans_Lunch,103,22,4.681818181818182
An_American_Werewolf_in_London,104,50,2.08
Eastern_Promises,104,23,4.521739130434782
Whos_Your_Daddy_(film),104,2,52.0
Queen_of_the_Damned,104,22,4.727272727272728
Scary_Movie_2,105,34,3.0882352941176467
Five_Easy_Pieces,105,20,5.25
Cool_Hand_Luke,105,9,11.666666666666664
Detroit_Rock_City_(film),105,56,1.875
Even_Cowgirls_Get_the_Blues_(film),105,5,21.0
Halloween_(1978_film),105,33,3.1818181818181817
The_Crying_Game,105,44,2.386363636363636
Virtuosity,105,30,3.5
Scream_(1996_film),105,44,2.386363636363636
Hardcore_(1979_film),105,20,5.25
Crash_(1996_film),105,19,5.526315789473684
Celeste_and_Jesse_Forever,106,39,2.717948717948718
Martha_Marcy_May_Marlene,106,56,1.8928571428571428
One_Flew_Over_the_Cuckoos_Nest_(film),106,42,2.523809523809524
Megamind,106,33,3.212121212121212
Cruel_Intentions,106,53,2.0
Friday_the_13th_Part_III,107,34,3.147058823529412
Unforgiven,107,35,3.0571428571428565
True_Believer_(1989_film),107,5,21.4
New_York_Minute_(film),107,5,21.4
From_Here_to_Eternity,107,10,10.7
Rocky,107,20,5.35
"Crouching_Tiger,_Hidden_Dragon",107,48,2.2291666666666665
Under_Fire_(film),108,31,3.4838709677419355
Whiteout_(2009_film),108,37,2.918918918918919
Love_&_Basketball,108,54,2.0
The_Kids_Are_All_Right_(film),108,34,3.1764705882352944
Easy_A,108,25,4.32
The_Green_Mile_(film),109,26,4.1923076923076925
Robin_Hood:_Prince_of_Thieves,109,30,3.633333333333333
Made_for_Each_Other_(1939_film),109,15,7.2666666666666675
30_Minutes_or_Less,110,55,2.0
Austin_Powers:_The_Spy_Who_Shagged_Me,110,59,1.8644067796610169
Ill_Do_Anything,110,11,10.0
Fear_and_Loathing_in_Las_Vegas_(film),110,31,3.548387096774193
Ghost_World_(film),110,25,4.4
A_Nightmare_on_Elm_Street_3:_Dream_Warriors,110,56,1.9642857142857144
Snow_Falling_on_Cedars_(film),110,29,3.7931034482758617
Rush_Hour_2,110,33,3.333333333333333
Angel_Eyes_(film),111,40,2.775
The_Elephant_Man_(film),111,29,3.827586206896552
Hellraiser:_Hellseeker,111,17,6.529411764705883
Sweeney_Todd:_The_Demon_Barber_of_Fleet_Street_(2007_film),111,49,2.26530612244898
When_a_Stranger_Calls_(1979_film),111,39,2.8461538461538463
Blade_(film),111,35,3.1714285714285717
Ninja_Assassin,111,35,3.1714285714285717
A_Nightmare_on_Elm_Street_2:_Freddys_Revenge,111,38,2.921052631578948
Arbitrage_(film),112,20,5.6
Gangs_of_New_York,112,49,2.2857142857142856
Fargo_(film),112,33,3.3939393939393936
Idiocracy,112,32,3.5
Resident_Evil_(film),112,51,2.1960784313725488
Hackers_(film),112,54,2.074074074074074
Game_6,112,12,9.333333333333334
The_American_President,112,31,3.612903225806452
Scary_Movie,112,24,4.666666666666667
Black_Rain_(1989_American_film),112,53,2.1132075471698117
Judge_Dredd_(film),113,36,3.138888888888889
Death_to_Smoochy,113,31,3.645161290322581
Black_Swan_(film),113,46,2.4565217391304346
Cars_2,113,36,3.138888888888889
Living_in_Oblivion,113,44,2.5681818181818183
Tombstone_(film),114,43,2.6511627906976742
The_Cell,114,16,7.125
The_Bonfire_of_the_Vanities_(film),114,19,6.0
Point_Break,114,38,3.0
Hes_Just_Not_That_Into_You_(film),114,2,57.0
Shame_(2011_film),114,57,2.0
Anastasia_(1997_film),114,31,3.6774193548387095
The_Mask_(film),114,40,2.85
All_the_Kings_Men_(1949_film),115,16,7.1875
The_Thing_Called_Love,115,10,11.5
A_Night_at_the_Roxbury,115,31,3.7096774193548394
The_Cincinnati_Kid,115,22,5.227272727272728
Only_You_(1994_film),116,28,4.142857142857143
The_Believer_(film),117,43,2.7209302325581395
Terminator_2:_Judgment_Day,117,27,4.333333333333333
17_Again_(film),117,23,5.086956521739131
Juno_(film),117,30,3.9
The_Bridges_of_Madison_County_(film),118,11,10.727272727272727
Lost_in_Translation_(film),118,18,6.5555555555555545
Nixon_(film),118,9,13.111111111111109
Boiler_Room_(film),118,46,2.565217391304348
Mirrors_(film),119,48,2.4791666666666665
The_Hitchhikers_Guide_to_the_Galaxy_(film),119,36,3.305555555555556
The_Descendants,119,31,3.838709677419355
Revolutionary_Road_(film),119,42,2.833333333333333
Jurassic_Park_III,119,46,2.5869565217391304
Moonstruck,119,78,1.5256410256410255
Horrible_Bosses,119,32,3.71875
Mrs._Brown,119,35,3.4
The_Crow_(film),119,80,1.4875
Solaris_(2002_film),120,28,4.285714285714286
As_Good_as_It_Gets,120,25,4.8
Gods_and_Monsters,120,30,4.0
South_Park,120,41,2.9268292682926833
An_Officer_and_a_Gentleman,120,37,3.2432432432432434
Die_Hard,120,44,2.727272727272727
El_Mariachi,121,22,5.5
Terminator_Salvation,121,33,3.6666666666666665
Highlander_III:_The_Sorcerer,121,42,2.8809523809523814
Hellbound:_Hellraiser_II,121,43,2.8139534883720936
The_Sweet_Hereafter_(film),121,13,9.307692307692307
Theres_Something_About_Mary,122,16,7.625
Disturbia_(film),122,42,2.9047619047619047
The_Twilight_Saga:_New_Moon,122,24,5.083333333333333
Grosse_Pointe_Blank,122,28,4.357142857142857
Purple_Rain_(film),122,27,4.518518518518519
Coraline_(film),122,28,4.357142857142857
Gladiator_(2000_film),122,46,2.652173913043478
Mumford_(film),123,7,17.571428571428573
Cobb_(film),123,16,7.6875
Beasts_of_the_Southern_Wild,123,25,4.92
Nick_of_Time_(film),123,25,4.92
Gang_Related,123,34,3.6176470588235294
Life_of_Pi_(film),123,40,3.075
Smokin_Aces,123,37,3.3243243243243237
Buffy_the_Vampire_Slayer_(film),123,27,4.5555555555555545
In_the_Loop_(film),123,7,17.571428571428573
Mighty_Morphin_Power_Rangers:_The_Movie,124,34,3.647058823529412
Analyze_That,124,22,5.636363636363638
JFK_(film),124,60,2.066666666666667
Indiana_Jones_and_the_Kingdom_of_the_Crystal_Skull,124,24,5.166666666666667
Manhunter_(film),124,42,2.952380952380953
Brick_(film),124,48,2.583333333333333
Nashville_(film),124,88,1.4090909090909092
An_Education,124,10,12.4
Bad_Santa,124,23,5.391304347826088
The_Last_Boy_Scout,125,41,3.0487804878048776
Badlands_(film),125,4,31.25
Natural_Born_Killers,125,6,20.83333333333333
The_Limey,126,30,4.2
Cinema_Paradiso,126,34,3.7058823529411766
Psycho_(1960_film),126,35,3.6
The_X-Files_(film),126,42,3.0
The_Fisher_King,126,24,5.25
The_Last_Station,126,12,10.5
Notting_Hill_(film),127,28,4.535714285714286
The_Majestic_(film),127,25,5.08
The_Crow:_Salvation,127,66,1.9242424242424243
The_Company_of_Wolves,127,23,5.521739130434782
Little_Miss_Sunshine,127,19,6.684210526315789
What_Lies_Beneath,127,47,2.7021276595744683
Good_Will_Hunting,127,25,5.08
XXX_(film),128,70,1.8285714285714283
Blade_Runner,128,35,3.6571428571428566
Cat_People_(1982_film),128,26,4.9230769230769225
Perfect_Creature,128,17,7.529411764705883
The_Curse_of_the_Cat_People,128,11,11.636363636363635
Superman_IV:_The_Quest_for_Peace,128,38,3.3684210526315788
Harold_and_Maude,128,16,8.0
Wonder_Boys_(film),129,35,3.6857142857142855
Bachelor_Party_(1984_film),129,14,9.214285714285714
Life_(1999_film),129,38,3.3947368421052637
House_of_1000_Corpses,129,28,4.607142857142857
Kate_&_Leopold,129,31,4.161290322580645
Peeping_Tom_(film),130,28,4.642857142857143
Win_Win_(film),130,11,11.818181818181818
The_Fabulous_Baker_Boys,130,32,4.0625
Remember_Me_(2010_film),130,38,3.421052631578948
The_Talented_Mr._Ripley_(film),130,36,3.611111111111111
Bull_Durham,130,19,6.842105263157895
The_Doors_(film),131,18,7.277777777777778
Flight_(2012_film),131,54,2.4259259259259256
Halloween_4:_The_Return_of_Michael_Myers,131,41,3.1951219512195124
Arthur_(2011_film),131,37,3.5405405405405403
Little_Nicky,131,32,4.09375
The_Tourist_(2010_film),131,40,3.275
Freddy_vs._Jason,131,45,2.911111111111111
Runaway_Bride_(1999_film),132,26,5.0769230769230775
Austin_Powers:_International_Man_of_Mystery,132,44,3.0
Fast_Times_at_Ridgemont_High,132,27,4.888888888888889
House_on_Haunted_Hill_(1999_film),132,50,2.64
Copycat_(film),132,18,7.333333333333332
Tin_Cup,132,41,3.2195121951219514
The_Man_in_the_Iron_Mask_(1998_film),132,66,2.0
The_Damned_United,132,42,3.1428571428571432
The_Losers_(film),132,21,6.2857142857142865
The_Rocky_Horror_Picture_Show,133,28,4.75
The_Ugly_Truth,133,25,5.32
Save_the_Last_Dance,133,22,6.045454545454546
The_Cable_Guy,133,45,2.955555555555556
Les_Miserables_(2012_film),133,59,2.254237288135593
The_Ladykillers_(2004_film),133,22,6.045454545454546
Deep_Cover,133,39,3.41025641025641
The_Back-up_Plan,133,23,5.782608695652174
Star_Trek_Generations,133,32,4.15625
Last_Chance_Harvey,133,40,3.325
Escape_from_L.A.,134,35,3.8285714285714287
X-Men_Origins:_Wolverine,134,31,4.32258064516129
The_Usual_Suspects,134,45,2.9777777777777783
The_Sting,134,34,3.941176470588236
Kramer_vs._Kramer,134,23,5.826086956521738
Bad_Dreams_(film),135,4,33.75
American_Splendor_(film),135,70,1.9285714285714288
The_Boondock_Saints,135,37,3.6486486486486487
Black_Snake_Moan_(film),135,29,4.655172413793104
Friday_the_13th_(1980_film),135,42,3.2142857142857144
Tron:_Legacy,135,27,5.0
Fracture_(2007_film),135,33,4.090909090909091
Benny_&_Joon,136,33,4.121212121212121
The_Iron_Lady_(film),136,18,7.5555555555555545
Joe_Versus_the_Volcano,136,43,3.1627906976744184
The_Silence_of_the_Lambs_(film),136,28,4.857142857142857
Get_Shorty_(film),136,33,4.121212121212121
Jay_and_Silent_Bob_Strike_Back,136,38,3.5789473684210527
Pet_Sematary_Two,136,42,3.238095238095238
The_Wedding_Date,136,17,8.0
What_About_Bob,136,27,5.037037037037037
Three_Men_and_a_Baby,136,36,3.7777777777777777
Prometheus_(2012_film),136,46,2.9565217391304346
Reindeer_Games,137,27,5.074074074074074
While_She_Was_Out,137,30,4.566666666666666
Interview_with_the_Vampire:_The_Vampire_Chronicles,137,41,3.3414634146341466
Basic_Instinct,138,25,5.52
I_Still_Know_What_You_Did_Last_Summer,138,73,1.8904109589041096
Basic_(film),138,8,17.25
Sounder_(film),138,22,6.2727272727272725
Monkeybone,138,32,4.3125
Broadcast_News_(film),138,5,27.6
Men_in_Black_(film),139,48,2.895833333333333
Larry_Crowne,139,31,4.483870967741935
Raiders_of_the_Lost_Ark,139,29,4.793103448275862
The_Wrestler_(2008_film),139,26,5.346153846153847
Willow_(film),139,40,3.475
Dumb_and_Dumber,140,30,4.666666666666667
Apt_Pupil_(film),140,18,7.777777777777778
Blade_II,140,46,3.0434782608695654
Invaders_from_Mars_(1986_film),140,6,23.33333333333333
Three_Kings_(1999_film),140,33,4.242424242424242
The_Power_of_One_(film),140,32,4.375
The_Lord_of_the_Rings:_The_Fellowship_of_the_Ring,140,45,3.111111111111111
The_Ninth_Gate,140,35,4.0
Wild_Things:_Diamonds_in_the_Rough,140,25,5.6
Lord_of_War,140,37,3.783783783783784
I_Am_Sam,141,13,10.846153846153848
Hope_and_Glory_(film),141,7,20.142857142857142
The_Day_the_Earth_Stood_Still,141,50,2.82
The_Thin_Man_(film),142,11,12.909090909090908
Wild_Things,143,30,4.766666666666667
The_Relic_(film),143,44,3.25
The_Long_Kiss_Goodnight,143,38,3.763157894736842
Confidence_(2003_film),143,32,4.46875
Beetlejuice,143,20,7.15
Star_Trek_VI:_The_Undiscovered_Country,143,38,3.763157894736842
Timber_Falls,143,55,2.6
500_Days_of_Summer,143,28,5.107142857142857
Hesher_(film),144,28,5.142857142857143
Lara_Croft:_Tomb_Raider,144,20,7.2
The_Grudge,144,30,4.8
A_Nightmare_on_Elm_Street,144,47,3.0638297872340425
Hitchcock_(film),144,26,5.538461538461538
The_Distinguished_Gentleman,144,11,13.090909090909092
Final_Destination_(film),144,29,4.965517241379311
Two_for_the_Money_(film),145,12,12.083333333333336
Indiana_Jones_and_the_Last_Crusade,145,34,4.264705882352942
Jane_Eyre_(2011_film),145,55,2.636363636363636
The_Nines,145,8,18.125
Frances_(film),145,13,11.153846153846152
Warm_Springs_(film),145,12,12.083333333333336
Happiness_(1998_film),145,33,4.393939393939394
Sugar_&_Spice,145,27,5.37037037037037
Fair_Game_(2010_film),145,11,13.181818181818182
Sherlock_Holmes_(2009_film),145,20,7.25
Return_of_the_Jedi,146,31,4.709677419354839
The_Salton_Sea,146,26,5.615384615384616
White_Squall_(film),146,5,29.2
Simone_(2002_film),146,31,4.709677419354839
Roughshod_(film),146,11,13.272727272727273
This_Boys_Life_(film),146,19,7.684210526315789
Rabid,146,6,24.33333333333333
The_King_of_Comedy_(1983_film),146,18,8.11111111111111
Charlies_Angels_(film),146,22,6.636363636363638
Minority_Report_(film),146,37,3.9459459459459465
Nine_(2009_live-action_film),146,66,2.212121212121212
The_Battle_of_Algiers,146,7,20.857142857142858
Hard_to_Kill,146,41,3.5609756097560976
Blue_Valentine_(film),147,28,5.25
Star_Trek:_Nemesis,147,28,5.25
National_Lampoons_Barely_Legal,147,35,4.2
Man_Trouble,147,6,24.5
Nurse_Betty,147,39,3.7692307692307687
Hard_Rain_(film),147,45,3.2666666666666666
Deep_Rising,147,49,3.0
Sister_Act,148,25,5.92
We_Own_the_Night_(film),148,33,4.4848484848484835
Leaving_Las_Vegas,148,23,6.434782608695652
Get_Carter,148,43,3.4418604651162785
Yes_Man_(film),148,48,3.083333333333333
Grand_Theft_Parsons,149,1,149.0
Halloween:_The_Curse_of_Michael_Myers,149,44,3.386363636363636
The_Kingdom_(film),150,46,3.260869565217391
Star_Wars_Episode_II:_Attack_of_the_Clones,150,32,4.6875
Constantine_(film),150,41,3.6585365853658534
Precious_(film),150,21,7.142857142857142
Burn_After_Reading,150,34,4.411764705882354
No_Country_for_Old_Men_(film),150,35,4.285714285714286
American_Shaolin,150,17,8.823529411764708
Mission:_Impossible_II,150,27,5.5555555555555545
Children_of_Men,150,29,5.172413793103448
One_Eight_Seven,151,29,5.206896551724138
Brazil_(1985_film),151,26,5.807692307692308
Up_in_the_Air_(2009_film),151,43,3.5116279069767438
Autumn_in_New_York_(film),151,60,2.5166666666666666
The_Sessions_(film),151,12,12.583333333333336
Angels_&_Demons_(film),152,32,4.75
Harold_&_Kumar_Go_to_White_Castle,152,42,3.6190476190476186
Pleasantville_(film),152,25,6.08
Superbad_(film),152,35,4.342857142857143
This_Is_40,153,39,3.9230769230769234
The_Family_Man,153,29,5.275862068965517
Croupier_(film),153,25,6.12
Demolition_Man_(film),153,30,5.1
Little_Athens,153,2,76.5
Happy_Campers_(2001_film),153,4,38.25
Gone_in_60_Seconds_(2000_film),154,28,5.5
Murderland,154,7,22.0
Tremors_(film),154,39,3.948717948717949
Goodfellas,154,39,3.948717948717949
Frozen_River,154,30,5.133333333333334
Human_Nature_(film),154,26,5.9230769230769225
Hostage_(film),155,51,3.0392156862745097
Star_Trek:_The_Motion_Picture,155,22,7.045454545454546
Face-Off,155,30,5.166666666666667
The_Public_Eye_(film),155,15,10.333333333333334
Machete_(film),155,30,5.166666666666667
Escape_from_New_York,155,34,4.5588235294117645
Gothika,155,37,4.1891891891891895
Breakdown_(film),155,38,4.078947368421051
Catwoman_(film),155,18,8.61111111111111
Out_of_Sight,155,6,25.83333333333333
The_Graduate,156,45,3.466666666666667
The_Big_White,156,17,9.176470588235292
Ghostbusters_II,156,32,4.875
Being_There,156,30,5.2
1492:_Conquest_of_Paradise,156,39,4.0
Platoon_(film),157,41,3.829268292682927
Henry_Fool,157,7,22.428571428571423
MASH_(film),157,52,3.0192307692307687
Requiem_for_a_Dream,157,23,6.826086956521738
Boogie_Nights,157,29,5.413793103448277
Music_of_the_Heart,157,13,12.076923076923075
The_Big_Blue,157,4,39.25
Alone_in_the_Dark_(2005_film),158,7,22.57142857142857
The_Men_Who_Stare_at_Goats_(film),158,28,5.642857142857142
The_Bourne_Identity_(2002_film),159,37,4.297297297297297
Star_Trek_V:_The_Final_Frontier,160,22,7.272727272727272
Friday_the_13th_Part_VI:_Jason_Lives,160,27,5.925925925925926
The_Matrix_Reloaded,160,39,4.102564102564102
Gamer_(film),160,47,3.404255319148936
12_and_Holding,160,29,5.517241379310344
Gandhi_(film),160,2,80.0
A_Dry_White_Season,160,8,20.0
Total_Recall_(1990_film),161,31,5.193548387096773
Valkyrie_(film),161,46,3.5
Pretty_Woman,161,44,3.6590909090909087
Gattaca,161,53,3.037735849056604
Twins_(1988_film),161,36,4.472222222222221
Dave_(film),161,32,5.03125
Case_39,161,33,4.878787878787879
Mr._Brooks,162,33,4.909090909090909
RocknRolla,162,33,4.909090909090909
Mission_to_Mars,162,40,4.05
Witness_(1985_film),162,33,4.909090909090909
Henrys_Crime,162,18,9.0
Bonnie_and_Clyde_(film),162,22,7.363636363636362
Ed_Wood_(film),163,29,5.620689655172414
Moon_(film),163,30,5.433333333333334
Super_8_(film),163,48,3.395833333333333
Minis_First_Time,163,15,10.866666666666667
Eternal_Sunshine_of_the_Spotless_Mind,163,17,9.588235294117649
American_Beauty_(film),163,27,6.037037037037037
Silver_Linings_Playbook,163,36,4.527777777777779
"I,_Robot_(film)",163,2,81.5
Starship_Troopers_(film),163,34,4.794117647058823
Batman_&_Robin_(film),163,33,4.9393939393939394
Network_(film),164,7,23.42857142857143
The_Pianist_(2002_film),164,3,54.66666666666666
Bones_(2001_film),164,48,3.4166666666666665
Klute,164,28,5.857142857142858
Only_God_Forgives,164,40,4.1
Avatar_(2009_film),164,27,6.074074074074074
Insomnia_(2002_film),165,32,5.15625
Chaos_(2005_Capitol_film),165,22,7.5
The_Game_(1997_film),166,43,3.86046511627907
The_Avengers_(1998_film),166,26,6.384615384615384
Drop_Dead_Gorgeous_(film),166,43,3.86046511627907
The_Sandlot,166,35,4.742857142857143
The_Truman_Show,167,30,5.566666666666666
Cradle_2_the_Grave,167,34,4.911764705882354
The_Postman_(film),167,59,2.8305084745762716
S._Darko,167,54,3.092592592592593
John_Q,167,30,5.566666666666666
Ordinary_People,167,28,5.9642857142857135
Inventing_the_Abbotts,167,16,10.4375
City_of_Joy_(film),167,11,15.181818181818182
The_Program,168,70,2.4
Clue_(film),168,4,42.0
Miami_Vice_(film),168,31,5.419354838709676
Drive_(2011_film),168,30,5.6
Little_Monsters,168,29,5.793103448275862
Panic_Room,168,32,5.25
The_Patriot_(2000_film),168,37,4.54054054054054
Malcolm_X_(film),168,63,2.6666666666666665
The_American_(2010_film),168,38,4.421052631578949
Warrior_(2011_film),168,54,3.111111111111111
Blow_(film),169,43,3.930232558139535
Being_Human_(film),169,19,8.894736842105264
Fatal_Instinct,169,18,9.388888888888891
The_Debt_(2011_film),169,39,4.333333333333333
Wall_Street_(1987_film),169,37,4.567567567567568
The_Messenger:_The_Story_of_Joan_of_Arc,169,43,3.930232558139535
The_Corruptor,169,27,6.25925925925926
Day_of_the_Dead_(1985_film),170,22,7.727272727272727
Jerry_Maguire,170,38,4.473684210526316
Collateral_(film),170,35,4.857142857142857
You_Can_Count_on_Me,170,22,7.727272727272727
Someone_to_Watch_Over_Me_(film),170,16,10.625
Heathers,170,56,3.0357142857142856
The_Informant!,171,14,12.214285714285715
Being_John_Malkovich,171,33,5.181818181818182
Funny_People,171,45,3.8
A_Nightmare_on_Elm_Street_4:_The_Dream_Master,172,32,5.375
Tall_in_the_Saddle,172,64,2.6875
Its_a_Wonderful_Life,172,67,2.567164179104477
Man_on_the_Moon_(film),172,38,4.526315789473684
The_Visitor_(2007_drama_film),172,24,7.166666666666668
L.A._Confidential_(film),172,25,6.88
12_Monkeys,173,31,5.580645161290324
Indiana_Jones_and_the_Temple_of_Doom,173,29,5.965517241379311
Fantastic_Four_(film),173,28,6.178571428571429
Excalibur_(film),173,60,2.8833333333333333
Amadeus_(film),174,38,4.578947368421051
Sleepless_in_Seattle,174,34,5.117647058823528
Cellular_(film),174,64,2.71875
Alien_Nation_(film),174,28,6.2142857142857135
Serial_Mom,174,30,5.8
The_Bounty_Hunter_(2010_film),175,34,5.147058823529412
Above_the_Law_(film),175,20,8.75
Wild_at_Heart_(film),175,23,7.608695652173912
Oceans_Twelve,176,27,6.518518518518517
Flightplan,176,56,3.1428571428571432
The_Thing_(1982_film),176,37,4.756756756756757
Life_as_a_House,176,40,4.4
Star_Trek:_First_Contact,176,31,5.67741935483871
Bound_(film),176,42,4.190476190476192
The_Boondock_Saints_II:_All_Saints_Day,177,43,4.116279069767442
Sideways,177,22,8.045454545454545
The_Lost_Boys,177,38,4.657894736842105
Lost_Souls_(film),177,5,35.4
Mary_Shelleys_Frankenstein_(film),178,1,178.0
The_Life_of_David_Gale,178,29,6.137931034482759
Beginners,178,7,25.42857142857143
Birthday_Girl,178,20,8.9
Lord_of_Illusions,179,72,2.4861111111111107
Dark_City_(1998_film),179,28,6.392857142857142
Anonymous_(film),179,38,4.7105263157894735
Shifty_(film),179,6,29.83333333333333
Beavis_and_Butt-head_Do_America,179,46,3.891304347826087
Sunshine_Cleaning,180,29,6.206896551724138
Bean_(film),180,42,4.285714285714286
The_Haunting_(1999_film),180,39,4.615384615384615
The_Jacket,180,30,6.0
Go_(1999_film),180,44,4.090909090909091
Blade:_Trinity,180,37,4.864864864864865
Memento_(film),180,29,6.206896551724138
Predator_(film),181,28,6.4642857142857135
Supergirl_(film),181,21,8.619047619047619
Legend_(1985_film),181,33,5.4848484848484835
Entrapment_(film),181,29,6.241379310344827
Up_(2009_film),182,31,5.870967741935483
The_Butterfly_Effect,182,17,10.705882352941176
Conspiracy_Theory_(film),182,51,3.5686274509803924
The_Last_Samurai,182,29,6.275862068965517
G.I._Jane,183,30,6.1
Man_on_Fire_(2004_film),183,25,7.32
Almost_Famous,183,54,3.388888888888889
Donnie_Darko,184,28,6.571428571428571
Lost_Highway_(film),184,42,4.380952380952381
The_French_Connection_(film),184,41,4.487804878048781
Star_Wars_Episode_I:_The_Phantom_Menace,185,35,5.285714285714286
Taking_Lives_(film),186,4,46.5
The_Perks_of_Being_a_Wallflower_(film),186,56,3.321428571428572
The_Ice_Storm_(film),186,58,3.2068965517241383
Jason_X,187,48,3.8958333333333335
Romeo_+_Juliet,187,56,3.3392857142857144
Capote_(film),187,26,7.1923076923076925
Limitless,188,44,4.2727272727272725
Sphere_(film),188,38,4.947368421052632
Enemy_of_the_State_(film),188,30,6.2666666666666675
Batman_Returns,188,32,5.875
Jennifer_8,188,20,9.4
Changeling_(film),189,36,5.25
Broken_Embraces,189,27,7.0
The_Cider_House_Rules_(film),189,21,9.0
Sense_and_Sensibility_(film),189,25,7.56
Trainspotting_(film),189,36,5.25
To_Sleep_with_Anger,189,10,18.9
Contact_(1997_film),190,31,6.129032258064517
Silverado_(film),191,24,7.958333333333332
Collateral_Damage_(film),191,31,6.161290322580645
Body_Heat,192,42,4.571428571428571
Forrest_Gump,192,41,4.682926829268292
Hellraiser,192,36,5.333333333333333
Shallow_Grave,192,31,6.193548387096773
Shakespeare_in_Love,193,28,6.892857142857142
Aliens_(film),193,16,12.0625
Sugar_(2008_film),193,18,10.722222222222221
Big_Fish,193,35,5.514285714285713
Swordfish_(film),193,29,6.655172413793102
Tomorrow_Never_Dies,194,24,8.083333333333334
Quills,195,43,4.5348837209302335
Urban_Legend_(film),195,44,4.431818181818182
Eight_Legged_Freaks,195,42,4.642857142857143
The_Assignment_(1997_film),195,44,4.431818181818182
The_Help_(film),195,47,4.148936170212766
Slither_(2006_film),195,25,7.8
Friday_the_13th_Part_VIII:_Jason_Takes_Manhattan,196,32,6.125
After.Life,196,28,7.0
Blast_from_the_Past_(film),196,33,5.9393939393939394
The_Reader_(2008_film),196,4,49.0
Backdraft_(film),196,32,6.125
Sleepy_Hollow_(film),197,28,7.0357142857142865
Wild_Wild_West,198,42,4.714285714285714
Hero_(1992_film),198,27,7.333333333333332
Youve_Got_Mail,198,33,6.0
Real_Genius,198,27,7.333333333333332
Ali_(film),198,22,9.0
Slumdog_Millionaire,198,45,4.4
The_Taking_of_Pelham_One_Two_Three_(1974_film),199,40,4.975
Babel_(film),199,2,99.5
Suspect_Zero,200,18,11.111111111111109
Bamboozled,200,38,5.2631578947368425
Beloved_(film),201,41,4.902439024390244
Seven_(film),201,32,6.28125
Cold_Mountain_(film),201,71,2.830985915492957
Adaptation_(film),202,23,8.782608695652174
The_Straight_Story,202,55,3.6727272727272733
The_Insider_(film),203,70,2.9
Superman_III,206,35,5.885714285714287
Kalifornia,206,36,5.722222222222222
Mission:_Impossible_(film),208,29,7.172413793103447
Election_(1999_film),208,46,4.521739130434782
Batman_(1989_film),209,26,8.038461538461537
The_Departed,209,42,4.976190476190476
Hollow_Man,209,32,6.53125
Charade_(1963_film),209,27,7.74074074074074
Twin_Peaks:_Fire_Walk_with_Me,210,118,1.7796610169491525
American_Pie_(film),210,36,5.833333333333332
Frequency_(film),210,33,6.363636363636362
The_Horse_Whisperer_(film),210,20,10.5
Law_Abiding_Citizen,211,44,4.795454545454546
Crime_Spree,211,9,23.444444444444446
Pitch_Black_(film),212,32,6.625
I_Love_You_Phillip_Morris,213,20,10.65
Kundun,214,27,7.925925925925926
Confessions_of_a_Dangerous_Mind,215,28,7.678571428571429
V_for_Vendetta_(film),215,37,5.8108108108108105
The_Deer_Hunter,216,26,8.307692307692307
Metro_(1997_film),216,32,6.75
X-Men_(film),216,33,6.545454545454546
The_Matrix,218,26,8.384615384615385
Superman_(1978_film),220,28,7.857142857142858
Rambling_Rose_(film),220,6,36.66666666666666
Panther_(film),220,8,27.5
Youth_in_Revolt_(film),221,37,5.972972972972973
Arctic_Blue,221,1,221.0
Alien_(film),222,33,6.727272727272728
The_Searchers_(film),223,5,44.6
A_Walk_to_Remember,224,59,3.7966101694915255
EDtv,225,42,5.357142857142857
The_Godfather,225,34,6.617647058823528
The_Bodyguard_(1992_film),226,41,5.512195121951219
Blue_Velvet_(film),226,48,4.708333333333333
Star_Trek_II:_The_Wrath_of_Khan,227,35,6.485714285714287
Hellboy_(film),227,47,4.829787234042553
The_Brothers_Bloom,228,48,4.75
Ted_(film),228,46,4.956521739130435
Code_of_Silence_(film),230,62,3.7096774193548394
The_Devils_Advocate_(1997_film),231,51,4.529411764705882
The_Shining_(film),231,43,5.372093023255813
Evil_Dead_II,231,29,7.9655172413793105
Soldier_(1998_American_film),231,40,5.775
The_Rock_(film),233,51,4.568627450980392
Midnight_Cowboy,236,41,5.7560975609756095
The_English_Patient_(film),237,26,9.115384615384617
The_Naked_City,240,35,6.857142857142858
Star_Wars_Episode_III:_Revenge_of_the_Sith,240,32,7.5
Barry_Lyndon,241,24,10.041666666666666
Traffic_(2000_film),241,12,20.08333333333333
The_Adventures_of_Buckaroo_Banzai_Across_the_8th_Dimension,241,22,10.954545454545457
Starman_(film),241,51,4.725490196078432
Thelma_&_Louise,241,36,6.6944444444444455
The_Godfather_Part_II,242,5,48.4
The_Shawshank_Redemption,242,37,6.54054054054054
The_Abyss,245,39,6.282051282051282
Heat_(1995_film),246,34,7.235294117647059
A_Perfect_World,247,24,10.291666666666666
Jaws_(film),248,40,6.2
Invictus_(film),250,28,8.928571428571429
Tinker_Tailor_Soldier_Spy_(film),251,42,5.976190476190476
Machine_Gun_Preacher,251,24,10.458333333333334
Below_(film),252,22,11.454545454545455
Fight_Club,252,29,8.689655172413794
The_Saint_(film),252,30,8.4
Star_Trek_(film),256,41,6.243902439024391
2012_(film),256,33,7.757575757575758
Domino_(film),256,11,23.272727272727273
Airplane_II:_The_Sequel,257,24,10.708333333333334
Oceans_Eleven,258,38,6.789473684210527
Schindlers_List,258,36,7.166666666666668
Into_the_Wild_(film),259,37,7.0
Vertigo_(film),259,35,7.4
Antitrust_(film),259,15,17.266666666666666
Ghost_Ship_(2002_film),260,36,7.222222222222222
The_World_Is_Not_Enough,260,41,6.3414634146341475
Erin_Brockovich_(film),261,21,12.428571428571427
Ferris_Buellers_Day_Off,262,28,9.357142857142858
The_Whistleblower,264,13,20.30769230769231
Nightbreed,264,41,6.439024390243902
Anna_Karenina_(2012_film),265,72,3.6805555555555554
Dune_(film),265,35,7.571428571428571
Hider_in_the_House_(1989_film),266,14,19.0
Lost_in_Space_(film),268,31,8.64516129032258
Thirteen_Days_(film),269,28,9.607142857142858
The_Italian_Job_(2003_film),270,53,5.09433962264151
The_Black_Dahlia_(film),271,40,6.775
Midnight_Run,273,28,9.75
Dances_with_Wolves,275,37,7.432432432432432
Assassins_(film),275,12,22.91666666666667
The_Empire_Strikes_Back,277,35,7.914285714285715
Bad_Boys_(1995_film),278,40,6.95
Colombiana,279,52,5.365384615384615
Godzilla_(1998_film),281,3,93.66666666666669
8mm_(film),282,32,8.8125
Invaders_from_Mars_(1953_film),287,29,9.896551724137929
American_Gangster_(film),291,27,10.777777777777779
Cherry_Falls,292,44,6.636363636363638
Independence_Day_(1996_film),294,24,12.25
True_Lies,297,34,8.735294117647058
Cast_Away,300,32,9.375
Pearl_Harbor_(film),301,61,4.9344262295081975
I_Am_Legend_(film),304,46,6.608695652173912
The_Curious_Case_of_Benjamin_Button_(film),306,40,7.65
Rush_Hour_(1998_film),309,33,9.363636363636363
The_Fugitive_(1993_film),312,12,26.0
Event_Horizon_(film),316,29,10.89655172413793
Magnolia_(film),323,45,7.177777777777778
Batman_Begins,325,34,9.558823529411764
The_Girl_with_the_Dragon_Tattoo_(2011_film),326,36,9.055555555555557
Absolute_Power_(film),327,40,8.175
Airplane!,335,15,22.33333333333333
War_of_the_Worlds_(2005_film),335,47,7.127659574468084
Rambo:_First_Blood_Part_II,341,42,8.119047619047619
The_Bourne_Ultimatum_(film),344,13,26.461538461538463
Air_Force_One_(film),352,31,11.35483870967742
The_Next_Three_Days,354,8,44.25
Fantastic_Voyage,382,22,17.363636363636363
The_Dark_Knight_(film),389,42,9.261904761904765
Casino_(film),437,33,13.242424242424242
Rear_Window,442,39,11.333333333333336
The_Man_Who_Knew_Too_Much_(1956_film),487,31,15.709677419354836
Star_Wars_(film),487,26,18.73076923076923
Silver_Bullet_(film),518,59,8.779661016949152
Pet_Sematary_(film),646,53,12.18867924528302
